{
	"info": {
		"_postman_id": "371a6354-f33f-4b73-86a1-6fc71b95ea91",
		"name": "RegisterUser",
		"schema": "https://schema.getpostman.com/json/collection/v2.1.0/collection.json",
		"_exporter_id": "13140481",
		"_collection_link": "https://solar-meteor-193112.postman.co/workspace/Demo-workspace~636c4fe7-13f6-471a-bc14-00f5f0a02f7a/collection/13140481-371a6354-f33f-4b73-86a1-6fc71b95ea91?action=share&source=collection_link&creator=13140481"
	},
	"item": [
		{
			"name": "https://localhost:7135/api/Auth/register",
			"request": {
				"auth": {
					"type": "noauth"
				},
				"method": "POST",
				"header": [],
				"body": {
					"mode": "raw",
					"raw": "{\r\n  \"username\": \"Abhijit\",\r\n  \"password\": \"Abhijit@123\",\r\n  \"role\": \"Admin\"\r\n}",
					"options": {
						"raw": {
							"language": "json"
						}
					}
				},
				"url": {
					"raw": "https://localhost:7135/api/Auth/register",
					"protocol": "https",
					"host": [
						"localhost"
					],
					"port": "7135",
					"path": [
						"api",
						"Auth",
						"register"
					]
				}
			},
			"response": []
		}
	]
}